Chief executives(1),11-1011,1.7,8.0,13.8,4.8,40.2,24.8,6.7
General and operations managers,11-1021,2.9,17.1,23.7,10.4,33.0,11.3,1.6
Legislators(1),11-1031,1.7,8.0,13.8,4.8,40.2,24.8,6.7
Advertising and promotions managers,11-2011,1.4,3.8,8.2,4.6,65.6,14.6,1.9
Marketing managers,11-2021,0.8,3.7,8.5,4.7,56.7,23.6,2.0
Sales managers,11-2022,1.2,10.7,19.1,8.5,47.2,12.0,1.3
Public relations managers(1),11-2032,0.2,4.2,5.1,3.0,54.3,28.7,4.5
Fundraising managers(1),11-2033,0.2,4.2,5.1,3.0,54.3,28.7,4.5
Administrative services managers,11-3012,0.8,12.3,19.4,12.5,36.5,16.3,2.2
Facilities managers,11-3013,2.6,22.0,25.4,11.5,28.9,8.1,1.5
Computer and information systems managers,11-3021,0.5,4.2,13.2,7.9,45.3,26.0,2.9
Financial managers,11-3031,1.1,10.3,17.2,7.7,41.8,19.5,2.2
Industrial production managers,11-3051,3.8,19.4,20.7,9.3,33.3,11.8,1.7
Purchasing managers,11-3061,1.5,10.7,17.2,7.8,41.8,17.8,3.2
"Transportation, storage, and distribution managers",11-3071,5.2,27.9,25.3,10.0,23.7,7.4,0.6
Compensation and benefits managers,11-3111,0.4,10.4,12.5,2.7,54.1,17.6,2.2
Human resources managers,11-3121,0.9,6.4,13.4,7.4,43.6,25.1,3.2
Training and development managers,11-3131,1.6,7.7,16.3,8.0,37.9,24.1,4.4
"Farmers, ranchers, and other agricultural managers",11-9013,10.9,33.8,19.3,10.7,20.9,3.4,1.1
Construction managers,11-9021,7.3,27.9,22.5,8.7,26.8,5.9,0.9
"Education and childcare administrators, preschool and daycare(1)",11-9031,0.8,4.6,7.1,4.8,24.6,44.2,13.8
"Education administrators, kindergarten through secondary(1)",11-9032,0.8,4.6,7.1,4.8,24.6,44.2,13.8
"Education administrators, postsecondary(1)",11-9033,0.8,4.6,7.1,4.8,24.6,44.2,13.8
"Education administrators, all other(1)",11-9039,0.8,4.6,7.1,4.8,24.6,44.2,13.8
Architectural and engineering managers,11-9041,0.4,4.4,7.0,4.7,47.7,30.2,5.5
Food service managers,11-9051,9.6,28.6,25.7,9.9,21.9,3.6,0.7
Gambling managers(1),11-9071,2.7,16.1,25.5,9.1,33.4,12.4,0.8
"Entertainment and recreation managers, except gambling(1)",11-9072,2.7,16.1,25.5,9.1,33.4,12.4,0.8
Lodging managers,11-9081,4.4,16.9,23.2,10.4,35.2,8.4,1.4
Medical and health services managers,11-9111,1.2,8.3,14.4,11.1,32.8,25.5,6.7
Natural sciences managers,11-9121,0.2,1.8,3.0,3.7,36.9,33.9,20.5
Postmasters and mail superintendents(1),11-9131,3.5,15.1,17.5,7.6,35.1,17.8,3.5
"Property, real estate, and community association managers",11-9141,4.1,18.3,24.2,9.8,32.1,9.2,2.3
Social and community service managers,11-9151,1.1,6.6,11.9,5.7,40.5,28.8,5.4
Emergency management directors,11-9161,1.6,6.6,15.1,10.3,38.3,26.1,2.0
Funeral home managers(1),11-9171,3.5,15.1,17.5,7.6,35.1,17.8,3.5
"Personal service managers, all other(1)",11-9179,3.5,15.1,17.5,7.6,35.1,17.8,3.5
"Managers, all other(1)",11-9199,3.5,15.1,17.5,7.6,35.1,17.8,3.5
"Agents and business managers of artists, performers, and athletes",13-1011,2.3,9.9,16.6,4.5,49.5,12.4,4.7
Buyers and purchasing agents(1),13-1020,2.8,21.0,22.7,9.7,34.2,8.5,1.1
"Claims adjusters, examiners, and investigators(1)",13-1031,1.2,13.9,22.5,11.6,41.4,7.7,1.8
"Insurance appraisers, auto damage(1)",13-1032,1.2,13.9,22.5,11.6,41.4,7.7,1.8
Compliance officers,13-1041,1.3,8.8,17.5,8.2,40.5,17.6,6.1
Cost estimators,13-1051,2.9,20.6,27.2,10.5,32.5,5.5,0.8
Human resources specialists(1),13-1071,1.2,8.7,16.4,8.5,45.4,17.8,2.0
Farm labor contractors(1),13-1074,1.2,8.7,16.4,8.5,45.4,17.8,2.0
Labor relations specialists(1),13-1075,1.2,8.7,16.4,8.5,45.4,17.8,2.0
Logisticians,13-1081,3.1,15.5,23.5,11.7,34.7,10.8,0.7
Project management specialists,13-1082,0.9,7.0,13.1,6.4,46.7,23.4,2.5
Management analysts,13-1111,0.9,4.6,10.9,4.9,43.8,29.1,5.9
"Meeting, convention, and event planners",13-1121,1.4,8.9,16.4,8.0,51.9,12.4,1.2
Fundraisers,13-1131,0.3,2.9,7.0,2.1,48.7,34.6,4.4
"Compensation, benefits, and job analysis specialists",13-1141,1.0,12.6,19.1,11.6,40.8,13.3,1.6
Training and development specialists,13-1151,2.2,13.3,20.6,9.5,35.0,17.0,2.5
Market research analysts and marketing specialists,13-1161,0.8,4.8,9.8,5.4,55.4,21.2,2.6
"Business operations specialists, all other",13-1199,1.2,9.7,15.4,9.3,41.7,19.1,3.5
Accountants and auditors,13-2011,0.0,2.4,4.0,7.2,58.3,24.7,3.3
Property appraisers and assessors,13-2020,0.4,11.0,23.1,9.7,44.7,9.0,2.0
Budget analysts,13-2031,0.3,5.9,11.6,6.7,42.5,31.1,2.0
Credit analysts,13-2041,0.1,7.9,15.8,9.3,50.5,14.8,1.6
Financial and investment analysts,13-2051,0.4,2.7,5.5,2.7,52.6,32.8,3.2
Personal financial advisors,13-2052,0.5,4.3,9.9,4.4,53.3,22.2,5.4
Insurance underwriters,13-2053,0.9,11.2,18.5,8.1,50.0,9.3,2.0
Financial risk specialists(1),13-2054,0.6,7.6,13.2,6.4,44.2,24.4,3.7
Financial examiners,13-2061,0.1,5.3,10.0,9.4,50.1,19.0,6.1
Credit counselors(1),13-2071,1.1,13.4,22.5,10.4,42.0,9.7,0.9
Loan officers(1),13-2072,1.1,13.4,22.5,10.4,42.0,9.7,0.9
"Tax examiners and collectors, and revenue agents",13-2081,0.6,16.8,22.2,9.6,38.7,10.4,1.6
Tax preparers,13-2082,2.6,11.7,21.4,9.9,33.2,16.0,5.2
"Financial specialists, all other(1)",13-2099,0.6,7.6,13.2,6.4,44.2,24.4,3.7
Computer systems analysts,15-1211,0.5,4.9,12.6,7.6,48.4,23.4,2.5
Information security analysts,15-1212,0.7,3.6,16.1,10.4,42.3,25.0,1.8
Computer and information research scientists,15-1221,0.0,0.6,2.7,1.8,39.1,33.8,22.0
Computer network support specialists(1),15-1231,1.2,10.3,23.5,15.7,37.6,10.5,1.2
Computer user support specialists(1),15-1232,1.2,10.3,23.5,15.7,37.6,10.5,1.2
Computer network architects,15-1241,0.5,6.2,20.9,15.8,41.5,14.0,1.1
Database administrators(1),15-1242,1.0,7.2,11.8,6.7,45.4,25.8,2.1
Database architects(1),15-1243,1.0,7.2,11.8,6.7,45.4,25.8,2.1
Network and computer systems administrators,15-1244,0.9,7.4,20.7,16.2,40.7,13.0,1.2
Computer programmers,15-1251,1.1,5.2,13.1,7.6,50.6,19.5,2.8
Software developers,15-1252,0.5,1.8,7.0,4.1,51.4,31.1,4.1
Software quality assurance analysts and testers,15-1253,1.1,4.0,13.4,8.2,50.1,20.7,2.5
Web developers,15-1254,0.9,4.3,14.8,8.2,56.3,14.3,1.3
Web and digital interface designers,15-1255,0.5,5.4,13.2,9.6,53.6,16.5,1.2
"Computer occupations, all other",15-1299,1.3,9.8,21.0,13.9,38.6,14.0,1.4
Actuaries,15-2011,0.0,0.0,0.8,0.2,65.5,22.3,11.2
Mathematicians(1),15-2021,0.5,2.9,6.4,3.4,38.7,35.7,12.4
Operations research analysts,15-2031,0.8,6.3,13.2,6.6,40.3,28.6,4.2
Statisticians(1),15-2041,0.5,2.9,6.4,3.4,38.7,35.7,12.4
Data scientists(1),15-2051,0.5,2.9,6.4,3.4,38.7,35.7,12.4
"Mathematical science occupations, all other(1)",15-2099,0.5,2.9,6.4,3.4,38.7,35.7,12.4
"Architects, except landscape and naval",17-1011,0.4,1.4,3.5,2.6,46.6,37.9,7.7
Landscape architects,17-1012,1.9,5.4,5.4,2.8,59.4,21.8,3.3
Cartographers and photogrammetrists(1),17-1021,0.6,4.5,8.6,10.2,63.5,9.6,3.0
Surveyors(1),17-1022,0.6,4.5,8.6,10.2,63.5,9.6,3.0
Aerospace engineers,17-2011,0.4,1.7,4.2,4.0,50.1,32.5,7.1
Agricultural engineers(1),17-2021,0.4,4.4,4.6,11.3,43.3,27.5,8.5
Bioengineers and biomedical engineers(1),17-2031,0.4,4.4,4.6,11.3,43.3,27.5,8.5
Chemical engineers,17-2041,1.0,3.9,3.9,4.1,58.7,22.3,6.0
Civil engineers,17-2051,0.7,2.5,4.3,3.5,58.7,26.0,4.4
Computer hardware engineers,17-2061,0.8,3.5,9.1,8.3,48.5,25.3,4.5
Electrical engineers(1),17-2071,0.5,3.1,6.2,6.3,50.2,26.5,7.1
"Electronics engineers, except computer(1)",17-2072,0.5,3.1,6.2,6.3,50.2,26.5,7.1
Environmental engineers,17-2081,0.3,4.8,2.6,2.3,47.6,38.5,4.0
"Health and safety engineers, except mining safety engineers and inspectors(1)",17-2111,0.9,6.5,11.2,7.9,51.6,19.4,2.6
Industrial engineers(1),17-2112,0.9,6.5,11.2,7.9,51.6,19.4,2.6
Marine engineers and naval architects,17-2121,3.3,10.9,7.8,4.9,49.2,21.8,2.0
Materials engineers,17-2131,0.6,4.4,9.1,8.6,51.5,17.2,8.6
Mechanical engineers,17-2141,0.6,3.7,6.3,7.4,57.4,20.8,3.8
"Mining and geological engineers, including mining safety engineers(1)",17-2151,1.7,5.5,3.9,3.8,54.1,23.4,7.6
Nuclear engineers(1),17-2161,0.6,3.5,6.9,6.4,49.5,25.6,7.5
Petroleum engineers(1),17-2171,1.7,5.5,3.9,3.8,54.1,23.4,7.6
"Engineers, all other(1)",17-2199,0.6,3.5,6.9,6.4,49.5,25.6,7.5
Architectural and civil drafters,17-3011,1.5,9.8,24.3,34.0,24.1,5.1,1.1
Electrical and electronics drafters(1),17-3012,2.1,12.0,22.7,35.0,23.0,4.1,1.0
Mechanical drafters(1),17-3013,2.1,12.0,22.7,35.0,23.0,4.1,1.0
"Drafters, all other(1)",17-3019,2.1,12.0,22.7,35.0,23.0,4.1,1.0
Aerospace engineering and operations technologists and technicians(1),17-3021,4.1,24.0,30.0,20.1,17.7,3.3,0.9
Civil engineering technologists and technicians(1),17-3022,4.1,24.0,30.0,20.1,17.7,3.3,0.9
Electrical and electronic engineering technologists and technicians,17-3023,2.6,18.4,30.5,30.0,16.3,2.1,0.2
Electro-mechanical and mechatronics technologists and technicians(1),17-3024,4.1,24.0,30.0,20.1,17.7,3.3,0.9
Environmental engineering technologists and technicians(1),17-3025,4.1,24.0,30.0,20.1,17.7,3.3,0.9
Industrial engineering technologists and technicians(1),17-3026,4.1,24.0,30.0,20.1,17.7,3.3,0.9
Mechanical engineering technologists and technicians(1),17-3027,4.1,24.0,30.0,20.1,17.7,3.3,0.9
Calibration technologists and technicians(1),17-3028,4.1,24.0,30.0,20.1,17.7,3.3,0.9
"Engineering technologists and technicians, except drafters, all other(1)",17-3029,4.1,24.0,30.0,20.1,17.7,3.3,0.9
Surveying and mapping technicians,17-3031,4.9,28.5,32.9,22.3,9.0,1.9,0.5
Animal scientists(1),19-1011,0.0,0.0,0.0,0.0,59.6,25.2,15.2
Food scientists and technologists(1),19-1012,0.0,0.0,0.0,0.0,59.6,25.2,15.2
Soil and plant scientists(1),19-1013,0.0,0.0,0.0,0.0,59.6,25.2,15.2
Biochemists and biophysicists(1),19-1021,0.0,0.0,0.0,0.0,45.3,32.3,22.4
Microbiologists(1),19-1022,0.0,0.0,0.0,0.0,45.3,32.3,22.4
Zoologists and wildlife biologists(1),19-1023,0.0,0.0,0.0,0.0,45.3,32.3,22.4
"Biological scientists, all other(1)",19-1029,0.0,0.0,0.0,0.0,45.3,32.3,22.4
Conservation scientists(1),19-1031,0.0,0.0,0.0,0.0,75.7,21.0,3.3
Foresters(1),19-1032,0.0,0.0,0.0,0.0,75.7,21.0,3.3
Epidemiologists(1),19-1041,0.4,0.3,0.6,0.5,24.2,25.9,48.0
"Medical scientists, except epidemiologists(1)",19-1042,0.4,0.3,0.6,0.5,24.2,25.9,48.0
"Life scientists, all other(1)",19-1099,0.4,0.3,0.6,0.5,24.2,25.9,48.0
Astronomers(1),19-2011,0.0,0.0,0.0,0.0,23.1,22.5,54.4
Physicists(1),19-2012,0.0,0.0,0.0,0.0,23.1,22.5,54.4
Atmospheric and space scientists,19-2021,0.0,0.4,5.1,2.7,56.5,24.5,10.8
Chemists(1),19-2031,0.2,1.8,2.4,2.2,51.2,21.7,20.6
Materials scientists(1),19-2032,0.2,1.8,2.4,2.2,51.2,21.7,20.6
"Environmental scientists and specialists, including health",19-2041,0.0,0.0,0.0,0.0,61.4,31.5,7.1
"Geoscientists, except hydrologists and geographers(1)",19-2042,0.0,0.0,0.0,0.0,47.2,40.7,12.1
Hydrologists(1),19-2043,0.0,0.0,0.0,0.0,47.2,40.7,12.1
"Physical scientists, all other",19-2099,0.0,0.0,0.0,0.0,27.0,22.8,50.1
Economists,19-3011,0.0,0.0,0.0,0.0,19.7,43.4,37.0
Survey researchers(1),19-3022,0.6,1.3,3.4,3.5,34.0,41.5,15.7
Industrial-organizational psychologists(1),19-3032,0.0,0.0,0.0,0.0,7.9,39.7,52.4
Clinical and counseling psychologists,19-3033,0.0,0.0,0.0,0.0,10.3,15.7,74.0
School psychologists,19-3034,0.0,0.0,0.0,0.0,8.2,54.3,37.5
"Psychologists, all other(1)",19-3039,0.0,0.0,0.0,0.0,7.9,39.7,52.4
Sociologists(1),19-3041,0.6,1.3,3.4,3.5,34.0,41.5,15.7
Urban and regional planners,19-3051,0.0,0.0,0.0,0.0,45.2,50.7,4.1
Anthropologists and archeologists(1),19-3091,0.6,1.3,3.4,3.5,34.0,41.5,15.7
Geographers(1),19-3092,0.6,1.3,3.4,3.5,34.0,41.5,15.7
Historians(1),19-3093,0.6,1.3,3.4,3.5,34.0,41.5,15.7
Political scientists(1),19-3094,0.6,1.3,3.4,3.5,34.0,41.5,15.7
"Social scientists and related workers, all other(1)",19-3099,0.6,1.3,3.4,3.5,34.0,41.5,15.7
Agricultural technicians(1),19-4012,5.3,26.2,26.0,15.5,21.6,4.6,0.9
Food science technicians(1),19-4013,5.3,26.2,26.0,15.5,21.6,4.6,0.9
Biological technicians,19-4021,3.5,23.4,15.4,10.3,34.8,7.5,5.1
Chemical technicians,19-4031,4.5,21.7,23.3,12.6,31.3,4.4,2.3
"Environmental science and protection technicians, including health(1)",19-4042,1.8,18.9,21.1,13.1,34.4,8.7,2.1
"Geological technicians, except hydrologic technicians(1)",19-4043,1.8,18.9,21.1,13.1,34.4,8.7,2.1
Hydrologic technicians(1),19-4044,1.8,18.9,21.1,13.1,34.4,8.7,2.1
Nuclear technicians(1),19-4051,1.8,18.9,21.1,13.1,34.4,8.7,2.1
Social science research assistants(1),19-4061,3.8,13.8,20.4,13.6,34.6,11.3,2.6
Forest and conservation technicians(1),19-4071,3.8,13.8,20.4,13.6,34.6,11.3,2.6
Forensic science technicians(1),19-4092,3.8,13.8,20.4,13.6,34.6,11.3,2.6
"Life, physical, and social science technicians, all other(1)",19-4099,3.8,13.8,20.4,13.6,34.6,11.3,2.6
Occupational health and safety specialists(1),19-5011,2.5,15.7,19.9,10.9,35.5,13.8,1.7
Occupational health and safety technicians(1),19-5012,2.5,15.7,19.9,10.9,35.5,13.8,1.7
"Educational, guidance, and career counselors and advisors",21-1012,1.2,3.9,4.6,2.6,21.4,61.3,5.0
Marriage and family therapists,21-1013,1.3,3.6,4.7,2.3,12.7,67.2,8.2
Rehabilitation counselors,21-1015,1.9,7.8,12.2,12.3,25.3,36.7,3.8
"Substance abuse, behavioral disorder, and mental health counselors(1)",21-1018,1.0,3.4,6.8,5.3,25.5,53.7,4.3
"Counselors, all other",21-1019,1.1,7.1,10.8,6.4,28.4,41.2,5.1
"Child, family, and school social workers",21-1021,1.8,5.3,8.3,6.2,36.5,39.8,2.0
Healthcare social workers,21-1022,2.9,14.6,13.4,7.6,24.5,34.3,2.7
Mental health and substance abuse social workers,21-1023,0.9,2.6,3.8,1.0,16.5,70.8,4.4
"Social workers, all other",21-1029,1.2,4.1,6.8,4.9,39.3,41.5,2.2
Health education specialists(1),21-1091,2.3,10.4,16.6,8.8,35.6,22.7,3.7
Probation officers and correctional treatment specialists,21-1092,0.8,3.1,7.1,4.0,64.9,18.6,1.5
Social and human service assistants,21-1093,2.4,12.6,21.7,11.4,35.7,14.7,1.6
Community health workers(1),21-1094,2.3,10.4,16.6,8.8,35.6,22.7,3.7
"Community and social service specialists, all other(1)",21-1099,2.3,10.4,16.6,8.8,35.6,22.7,3.7
Clergy,21-2011,2.5,6.5,10.8,4.3,26.2,36.1,13.6
"Directors, religious activities and education",21-2021,1.4,9.5,15.7,8.0,39.0,22.0,4.4
"Religious workers, all other",21-2099,2.4,11.3,19.2,9.1,35.2,18.7,4.1
Lawyers(1),23-1011,0.3,0.7,0.8,0.4,5.9,4.1,87.8
Judicial law clerks,23-1012,0.7,6.3,13.5,7.7,16.5,6.7,48.7
"Administrative law judges, adjudicators, and hearing officers(1)",23-1021,0.3,0.7,0.8,0.4,5.9,4.1,87.8
"Arbitrators, mediators, and conciliators(1)",23-1022,0.3,0.7,0.8,0.4,5.9,4.1,87.8
"Judges, magistrate judges, and magistrates(1)",23-1023,0.3,0.7,0.8,0.4,5.9,4.1,87.8
Paralegals and legal assistants,23-2011,0.7,10.9,22.2,19.3,36.8,7.0,3.1
"Title examiners, abstractors, and searchers",23-2093,3.6,24.6,24.3,12.2,24.9,6.1,4.3
"Legal support workers, all other",23-2099,2.0,11.3,19.1,6.6,41.5,14.2,5.4
"Business teachers, postsecondary(1)",25-1011,0.7,1.6,1.9,1.9,15.4,31.4,47.2
"Computer science teachers, postsecondary(1)",25-1021,0.7,1.6,1.9,1.9,15.4,31.4,47.2
"Mathematical science teachers, postsecondary(1)",25-1022,0.7,1.6,1.9,1.9,15.4,31.4,47.2
"Architecture teachers, postsecondary(1)",25-1031,0.7,1.6,1.9,1.9,15.4,31.4,47.2
"Engineering teachers, postsecondary(1)",25-1032,0.7,1.6,1.9,1.9,15.4,31.4,47.2
"Agricultural sciences teachers, postsecondary(1)",25-1041,0.7,1.6,1.9,1.9,15.4,31.4,47.2
"Biological science teachers, postsecondary(1)",25-1042,0.7,1.6,1.9,1.9,15.4,31.4,47.2
"Forestry and conservation science teachers, postsecondary(1)",25-1043,0.7,1.6,1.9,1.9,15.4,31.4,47.2
"Atmospheric, earth, marine, and space sciences teachers, postsecondary(1)",25-1051,0.7,1.6,1.9,1.9,15.4,31.4,47.2
"Chemistry teachers, postsecondary(1)",25-1052,0.7,1.6,1.9,1.9,15.4,31.4,47.2
"Environmental science teachers, postsecondary(1)",25-1053,0.7,1.6,1.9,1.9,15.4,31.4,47.2
"Physics teachers, postsecondary(1)",25-1054,0.7,1.6,1.9,1.9,15.4,31.4,47.2
"Anthropology and archeology teachers, postsecondary(1)",25-1061,0.7,1.6,1.9,1.9,15.4,31.4,47.2
"Area, ethnic, and cultural studies teachers, postsecondary(1)",25-1062,0.7,1.6,1.9,1.9,15.4,31.4,47.2
"Economics teachers, postsecondary(1)",25-1063,0.7,1.6,1.9,1.9,15.4,31.4,47.2
"Geography teachers, postsecondary(1)",25-1064,0.7,1.6,1.9,1.9,15.4,31.4,47.2
"Political science teachers, postsecondary(1)",25-1065,0.7,1.6,1.9,1.9,15.4,31.4,47.2
"Psychology teachers, postsecondary(1)",25-1066,0.7,1.6,1.9,1.9,15.4,31.4,47.2
"Sociology teachers, postsecondary(1)",25-1067,0.7,1.6,1.9,1.9,15.4,31.4,47.2
"Social sciences teachers, postsecondary, all other(1)",25-1069,0.7,1.6,1.9,1.9,15.4,31.4,47.2
"Health specialties teachers, postsecondary(1)",25-1071,0.7,1.6,1.9,1.9,15.4,31.4,47.2
"Nursing instructors and teachers, postsecondary(1)",25-1072,0.7,1.6,1.9,1.9,15.4,31.4,47.2
"Education teachers, postsecondary(1)",25-1081,0.7,1.6,1.9,1.9,15.4,31.4,47.2
"Library science teachers, postsecondary(1)",25-1082,0.7,1.6,1.9,1.9,15.4,31.4,47.2
"Criminal justice and law enforcement teachers, postsecondary(1)",25-1111,0.7,1.6,1.9,1.9,15.4,31.4,47.2
"Law teachers, postsecondary(1)",25-1112,0.7,1.6,1.9,1.9,15.4,31.4,47.2
"Social work teachers, postsecondary(1)",25-1113,0.7,1.6,1.9,1.9,15.4,31.4,47.2
"Art, drama, and music teachers, postsecondary(1)",25-1121,0.7,1.6,1.9,1.9,15.4,31.4,47.2
"Communications teachers, postsecondary(1)",25-1122,0.7,1.6,1.9,1.9,15.4,31.4,47.2
"English language and literature teachers, postsecondary(1)",25-1123,0.7,1.6,1.9,1.9,15.4,31.4,47.2
"Foreign language and literature teachers, postsecondary(1)",25-1124,0.7,1.6,1.9,1.9,15.4,31.4,47.2
"History teachers, postsecondary(1)",25-1125,0.7,1.6,1.9,1.9,15.4,31.4,47.2
"Philosophy and religion teachers, postsecondary(1)",25-1126,0.7,1.6,1.9,1.9,15.4,31.4,47.2
"Family and consumer sciences teachers, postsecondary(1)",25-1192,0.7,1.6,1.9,1.9,15.4,31.4,47.2
"Recreation and fitness studies teachers, postsecondary(1)",25-1193,0.7,1.6,1.9,1.9,15.4,31.4,47.2
"Career/technical education teachers, postsecondary(1)",25-1194,0.7,1.6,1.9,1.9,15.4,31.4,47.2
"Postsecondary teachers, all other(1)",25-1199,0.7,1.6,1.9,1.9,15.4,31.4,47.2
"Preschool teachers, except special education(1)",25-2011,1.5,11.9,18.6,12.0,36.9,17.7,1.4
"Kindergarten teachers, except special education(1)",25-2012,1.5,11.9,18.6,12.0,36.9,17.7,1.4
"Elementary school teachers, except special education(1)",25-2021,0.0,0.0,2.8,2.2,44.3,46.5,4.2
"Middle school teachers, except special and career/technical education(1)",25-2022,0.0,0.0,2.8,2.2,44.3,46.5,4.2
"Career/technical education teachers, middle school(1)",25-2023,0.0,0.0,2.8,2.2,44.3,46.5,4.2
"Secondary school teachers, except special and career/technical education(1)",25-2031,0.0,0.0,1.9,1.6,39.6,51.6,5.3
"Career/technical education teachers, secondary school(1)",25-2032,0.0,0.0,1.9,1.6,39.6,51.6,5.3
"Special education teachers, preschool(1)",25-2051,0.5,3.3,4.3,2.5,34.4,51.1,4.0
"Special education teachers, kindergarten and elementary school(1)",25-2052,0.5,3.3,4.3,2.5,34.4,51.1,4.0
"Special education teachers, middle school(1)",25-2057,0.5,3.3,4.3,2.5,34.4,51.1,4.0
"Special education teachers, secondary school(1)",25-2058,0.5,3.3,4.3,2.5,34.4,51.1,4.0
"Special education teachers, all other(1)",25-2059,0.5,3.3,4.3,2.5,34.4,51.1,4.0
"Adult basic education, adult secondary education, and english as a second language instructors(1)",25-3011,1.9,10.8,17.1,8.0,36.5,20.8,4.9
Self-enrichment teachers(1),25-3021,1.9,10.8,17.1,8.0,36.5,20.8,4.9
"Substitute teachers, short-term(1)",25-3031,1.9,10.8,17.1,8.0,36.5,20.8,4.9
Tutors,25-3041,0.5,4.3,9.9,7.4,43.0,30.0,4.9
"Teachers and instructors, all other(1)",25-3099,1.9,10.8,17.1,8.0,36.5,20.8,4.9
Archivists(1),25-4011,1.4,4.8,9.4,4.4,36.6,37.3,6.2
Curators(1),25-4012,1.4,4.8,9.4,4.4,36.6,37.3,6.2
Museum technicians and conservators(1),25-4013,1.4,4.8,9.4,4.4,36.6,37.3,6.2
Librarians and media collections specialists,25-4022,0.4,2.2,7.5,4.4,24.1,56.1,5.2
Library technicians,25-4031,3.0,28.7,20.2,7.1,29.3,10.9,0.8
Farm and home management educators(1),25-9021,1.3,3.7,8.5,4.6,27.5,45.1,9.4
Instructional coordinators(1),25-9031,1.3,3.7,8.5,4.6,27.5,45.1,9.4
"Teaching assistants, postsecondary(1)",25-9044,4.3,25.8,23.3,13.9,23.6,7.7,1.4
"Teaching assistants, except postsecondary(1)",25-9045,4.3,25.8,23.3,13.9,23.6,7.7,1.4
"Educational instruction and library workers, all other(1)",25-9099,1.3,3.7,8.5,4.6,27.5,45.1,9.4
Art directors(1),27-1011,3.1,12.6,19.1,8.3,42.4,12.7,1.8
Craft artists(1),27-1012,3.1,12.6,19.1,8.3,42.4,12.7,1.8
"Fine artists, including painters, sculptors, and illustrators(1)",27-1013,3.1,12.6,19.1,8.3,42.4,12.7,1.8
Special effects artists and animators(1),27-1014,3.1,12.6,19.1,8.3,42.4,12.7,1.8
"Artists and related workers, all other(1)",27-1019,3.1,12.6,19.1,8.3,42.4,12.7,1.8
Commercial and industrial designers,27-1021,4.2,3.9,14.6,5.3,58.5,12.2,1.3
Fashion designers,27-1022,1.5,7.7,12.0,11.3,56.0,9.7,1.8
Floral designers,27-1023,9.1,36.8,23.9,10.1,16.8,2.5,0.8
Graphic designers,27-1024,1.1,5.6,13.2,12.1,59.9,6.9,1.2
Interior designers,27-1025,1.0,6.3,11.8,11.1,58.5,9.2,2.1
Merchandise displayers and window trimmers,27-1026,4.0,24.7,24.5,9.8,30.8,6.0,0.2
Set and exhibit designers(1),27-1027,1.8,8.2,15.0,13.1,45.9,14.0,2.0
"Designers, all other(1)",27-1029,1.8,8.2,15.0,13.1,45.9,14.0,2.0
Actors,27-2011,2.0,11.3,15.2,6.8,50.1,12.9,1.6
Producers and directors,27-2012,0.8,5.9,12.0,5.1,58.2,15.8,2.2
Athletes and sports competitors,27-2021,1.7,12.6,18.3,6.3,51.5,9.1,0.6
Coaches and scouts,27-2022,1.9,10.1,14.9,6.1,42.3,22.4,2.3
"Umpires, referees, and other sports officials",27-2023,1.8,8.9,29.9,10.3,30.3,15.7,3.2
Dancers(1),27-2031,5.3,33.5,21.3,6.5,28.5,4.5,0.3
Choreographers(1),27-2032,5.3,33.5,21.3,6.5,28.5,4.5,0.3
Music directors and composers,27-2041,1.0,8.3,15.0,5.1,43.4,21.1,6.1
Musicians and singers,27-2042,3.4,12.0,21.5,5.9,32.0,20.6,4.6
"Disc jockeys, except radio",27-2091,7.9,25.3,31.6,8.8,22.3,4.1,0.0
"Entertainers and performers, sports and related workers, all other",27-2099,2.9,15.1,29.6,6.4,36.9,5.3,3.7
Broadcast announcers and radio disc jockeys,27-3011,1.9,11.7,23.5,9.3,46.3,6.3,1.0
"News analysts, reporters, and journalists",27-3023,1.1,3.0,7.5,2.8,60.3,21.8,3.6
Public relations specialists,27-3031,0.4,3.7,7.2,4.2,57.1,22.9,4.4
Editors,27-3041,0.6,2.8,8.9,3.3,55.4,22.6,6.4
Technical writers,27-3042,0.6,4.0,9.5,7.2,47.8,23.1,7.8
Writers and authors,27-3043,0.8,3.8,8.3,3.3,48.7,27.3,7.7
Interpreters and translators,27-3091,2.2,8.6,19.3,14.2,35.2,15.7,4.8
Court reporters and simultaneous captioners,27-3092,0.9,12.0,34.2,36.3,13.2,2.5,0.9
"Media and communication workers, all other",27-3099,1.3,10.5,15.0,3.8,46.4,21.3,1.7
Audio and video technicians(1),27-4011,2.1,13.6,24.5,14.4,38.4,5.8,1.1
Broadcast technicians(1),27-4012,2.1,13.6,24.5,14.4,38.4,5.8,1.1
Sound engineering technicians(1),27-4014,2.1,13.6,24.5,14.4,38.4,5.8,1.1
Lighting technicians(1),27-4015,2.1,13.6,24.5,14.4,38.4,5.8,1.1
Photographers,27-4021,2.1,12.5,22.4,11.5,42.8,7.8,0.9
"Camera operators, television, video, and film(1)",27-4031,1.2,7.4,16.9,8.4,56.5,8.6,0.9
Film and video editors(1),27-4032,1.2,7.4,16.9,8.4,56.5,8.6,0.9
"Media and communication equipment workers, all other(1)",27-4099,2.1,13.6,24.5,14.4,38.4,5.8,1.1
Chiropractors,29-1011,0.3,1.1,1.2,0.4,5.6,2.3,89.2
"Dentists, general(1)",29-1021,0.0,0.0,0.0,0.0,0.0,2.8,97.2
Oral and maxillofacial surgeons(1),29-1022,0.0,0.0,0.0,0.0,0.0,2.8,97.2
Orthodontists(1),29-1023,0.0,0.0,0.0,0.0,0.0,2.8,97.2
Prosthodontists(1),29-1024,0.0,0.0,0.0,0.0,0.0,2.8,97.2
"Dentists, all other specialists(1)",29-1029,0.0,0.0,0.0,0.0,0.0,2.8,97.2
Dietitians and nutritionists,29-1031,2.0,8.8,6.1,3.2,43.0,31.0,5.8
Optometrists,29-1041,0.0,0.0,0.0,0.0,0.0,2.6,97.4
Pharmacists,29-1051,0.0,0.0,1.3,1.0,26.1,5.6,66.0
Physician assistants,29-1071,0.8,2.5,2.2,3.0,17.6,58.9,15.1
Podiatrists,29-1081,0.0,0.0,0.0,0.0,0.0,1.1,98.9
Occupational therapists,29-1122,0.3,0.7,1.1,4.3,31.2,55.3,7.1
Physical therapists,29-1123,0.6,1.1,1.1,3.2,25.8,20.8,47.4
Radiation therapists,29-1124,0.5,5.5,5.8,29.1,45.3,9.5,4.3
Recreational therapists,29-1125,3.7,15.2,8.6,9.1,46.9,14.6,1.9
Respiratory therapists,29-1126,0.6,2.5,11.0,53.3,28.7,2.7,1.3
Speech-language pathologists,29-1127,0.7,0.5,0.6,0.9,11.2,82.8,3.2
Exercise physiologists(1),29-1128,0.8,3.3,3.5,4.8,22.9,57.7,6.9
"Therapists, all other(1)",29-1129,0.8,3.3,3.5,4.8,22.9,57.7,6.9
Veterinarians,29-1131,0.0,0.0,0.0,0.0,0.0,3.1,96.9
Registered nurses,29-1141,0.5,1.0,3.9,28.2,53.3,10.8,2.4
Nurse anesthetists,29-1151,0.6,0.5,0.8,1.4,11.9,67.0,17.9
Nurse midwives(1),29-1161,0.2,0.8,0.6,0.4,7.7,72.9,17.4
Nurse practitioners(1),29-1171,0.2,0.8,0.6,0.4,7.7,72.9,17.4
Audiologists,29-1181,0.0,0.3,1.5,0.4,10.6,19.6,67.6
Anesthesiologists(1),29-1211,0.0,0.0,0.0,0.0,0.0,0.0,100.0
Cardiologists(1),29-1212,0.0,0.0,0.0,0.0,0.0,0.0,100.0
Dermatologists(1),29-1213,0.0,0.0,0.0,0.0,0.0,0.0,100.0
Emergency medicine physicians(1),29-1214,0.0,0.0,0.0,0.0,0.0,0.0,100.0
Family medicine physicians(1),29-1215,0.0,0.0,0.0,0.0,0.0,0.0,100.0
General internal medicine physicians(1),29-1216,0.0,0.0,0.0,0.0,0.0,0.0,100.0
Neurologists(1),29-1217,0.0,0.0,0.0,0.0,0.0,0.0,100.0
Obstetricians and gynecologists(1),29-1218,0.0,0.0,0.0,0.0,0.0,0.0,100.0
"Pediatricians, general(1)",29-1221,0.0,0.0,0.0,0.0,0.0,0.0,100.0
"Physicians, pathologists(1)",29-1222,0.0,0.0,0.0,0.0,0.0,0.0,100.0
Psychiatrists(1),29-1223,0.0,0.0,0.0,0.0,0.0,0.0,100.0
Radiologists(1),29-1224,0.0,0.0,0.0,0.0,0.0,0.0,100.0
"Physicians, all other(1)",29-1229,0.0,0.0,0.0,0.0,0.0,0.0,100.0
"Ophthalmologists, except pediatric(1)",29-1241,0.0,0.0,0.0,0.0,0.0,0.0,100.0
"Orthopedic surgeons, except pediatric(1)",29-1242,0.0,0.0,0.0,0.0,0.0,0.0,100.0
Pediatric surgeons(1),29-1243,0.0,0.0,0.0,0.0,0.0,0.0,100.0
"Surgeons, all other(1)",29-1249,0.0,0.0,0.0,0.0,0.0,0.0,100.0
Acupuncturists,29-1291,1.7,1.0,2.7,1.0,11.5,51.1,31.0
Dental hygienists,29-1292,0.8,2.4,8.5,49.5,32.9,3.2,2.8
"Healthcare diagnosing or treating practitioners, all other",29-1299,0.4,4.8,16.6,6.3,30.4,16.8,24.8
Clinical laboratory technologists and technicians,29-2010,1.3,11.0,19.4,17.5,40.0,7.6,3.2
Cardiovascular technologists and technicians,29-2031,2.6,13.4,25.3,17.5,30.1,10.0,1.2
Diagnostic medical sonographers,29-2032,1.1,3.8,11.4,34.1,39.2,7.4,2.9
Nuclear medicine technologists(1),29-2033,2.9,2.8,5.8,16.7,51.0,17.8,2.9
Radiologic technologists and technicians,29-2034,1.2,5.5,15.8,50.1,22.9,3.7,0.7
Magnetic resonance imaging technologists,29-2035,1.4,5.9,11.8,33.6,36.9,9.2,1.1
Medical dosimetrists(1),29-2036,2.9,2.8,5.8,16.7,51.0,17.8,2.9
Emergency medical technicians,29-2042,1.0,17.0,42.4,20.2,16.1,2.1,1.2
Paramedics,29-2043,0.5,7.6,39.8,26.5,18.6,2.5,4.6
Dietetic technicians(1),29-2051,8.7,42.8,22.6,12.5,11.0,1.7,0.7
Pharmacy technicians,29-2052,1.6,25.8,36.8,16.2,16.2,2.4,1.0
Psychiatric technicians,29-2053,1.2,15.0,24.0,13.2,35.5,10.3,1.0
Surgical technologists,29-2055,1.0,13.4,33.6,38.4,12.0,0.9,0.7
Veterinary technologists and technicians,29-2056,1.4,15.5,24.8,32.7,22.5,1.8,1.3
Ophthalmic medical technicians(1),29-2057,8.7,42.8,22.6,12.5,11.0,1.7,0.7
Licensed practical and licensed vocational nurses,29-2061,1.5,20.5,54.3,18.8,4.1,0.7,0.3
Medical records specialists,29-2072,1.8,20.1,31.8,26.2,15.6,3.9,0.6
"Opticians, dispensing",29-2081,2.4,25.7,31.0,18.7,20.4,1.2,0.7
Orthotists and prosthetists(1),29-2091,2.8,17.6,33.1,15.6,22.3,6.2,2.4
Hearing aid specialists(1),29-2092,2.8,17.6,33.1,15.6,22.3,6.2,2.4
"Health technologists and technicians, all other(1)",29-2099,2.8,17.6,33.1,15.6,22.3,6.2,2.4
Health information technologists and medical registrars(1),29-9021,0.5,6.5,12.5,9.2,30.6,36.3,4.4
Athletic trainers(1),29-9091,0.5,6.5,12.5,9.2,30.6,36.3,4.4
Genetic counselors(1),29-9092,0.5,6.5,12.5,9.2,30.6,36.3,4.4
Surgical assistants(1),29-9093,0.5,6.5,12.5,9.2,30.6,36.3,4.4
"Healthcare practitioners and technical workers, all other(1)",29-9099,0.5,6.5,12.5,9.2,30.6,36.3,4.4
Home health and personal care aides(1),31-1120,17.2,35.3,24.6,9.5,10.1,2.6,0.7
Nursing assistants,31-1131,9.0,37.5,32.4,11.7,7.7,1.1,0.6
Orderlies(1),31-1132,4.5,35.5,31.4,12.0,13.3,2.5,0.8
Psychiatric aides(1),31-1133,4.5,35.5,31.4,12.0,13.3,2.5,0.8
Occupational therapy assistants(1),31-2011,1.8,10.5,13.5,50.4,19.1,3.7,0.9
Occupational therapy aides(1),31-2012,1.8,10.5,13.5,50.4,19.1,3.7,0.9
Physical therapist assistants(1),31-2021,0.9,4.8,9.4,49.9,29.8,2.9,2.3
Physical therapist aides(1),31-2022,0.9,4.8,9.4,49.9,29.8,2.9,2.3
Massage therapists,31-9011,2.8,20.2,31.4,19.3,20.4,3.7,2.2
Dental assistants,31-9091,3.4,26.7,37.1,19.9,10.3,0.9,1.6
Medical assistants,31-9092,2.0,20.1,38.1,24.6,11.7,2.4,1.1
Medical equipment preparers(1),31-9093,5.3,27.5,28.7,14.3,17.3,5.3,1.6
Medical transcriptionists,31-9094,1.3,15.4,32.4,19.2,24.1,4.1,3.5
Pharmacy aides,31-9095,4.4,32.2,27.8,12.8,15.6,2.1,5.0
Veterinary assistants and laboratory animal caretakers,31-9096,4.2,20.4,30.4,15.7,25.7,2.3,1.3
Phlebotomists,31-9097,2.0,24.6,42.0,18.8,10.3,1.7,0.7
"Healthcare support workers, all other(1)",31-9099,5.3,27.5,28.7,14.3,17.3,5.3,1.6
First-line supervisors of correctional officers,33-1011,1.9,26.4,28.9,14.5,21.6,6.5,0.3
First-line supervisors of police and detectives,33-1012,0.8,13.3,25.5,14.3,31.3,13.2,1.6
First-line supervisors of firefighting and prevention workers,33-1021,0.8,10.1,32.7,23.9,23.2,8.4,0.9
First-line supervisors of security workers(1),33-1091,1.6,23.3,26.5,11.0,26.3,9.5,1.8
"First-line supervisors of protective service workers, all other(1)",33-1099,1.6,23.3,26.5,11.0,26.3,9.5,1.8
Firefighters,33-2011,0.8,14.3,36.6,22.6,22.2,2.7,0.7
Fire inspectors and investigators(1),33-2021,3.4,24.4,29.2,17.4,19.2,5.0,1.5
Forest fire inspectors and prevention specialists(1),33-2022,3.4,24.4,29.2,17.4,19.2,5.0,1.5
Bailiffs,33-3011,0.6,21.5,25.9,17.4,24.5,8.2,1.8
Correctional officers and jailers,33-3012,1.6,30.0,34.5,14.4,16.6,2.5,0.4
Detectives and criminal investigators,33-3021,0.5,8.6,19.4,10.5,42.9,15.5,2.6
Fish and game wardens(1),33-3031,0.3,19.9,20.6,14.8,34.2,9.0,1.3
Parking enforcement workers(1),33-3041,0.3,19.9,20.6,14.8,34.2,9.0,1.3
Police and sheriff's patrol officers(1),33-3051,0.9,12.5,29.1,17.0,32.7,6.7,1.1
Transit and railroad police(1),33-3052,0.9,12.5,29.1,17.0,32.7,6.7,1.1
Animal control workers,33-9011,2.3,31.9,35.7,10.5,17.9,1.4,0.3
Private detectives and investigators,33-9021,1.1,9.9,19.7,10.3,42.4,13.2,3.4
Gambling surveillance officers and gambling investigators(1),33-9031,5.8,34.8,30.3,11.3,14.0,3.3,0.6
Security guards(1),33-9032,5.8,34.8,30.3,11.3,14.0,3.3,0.6
Crossing guards and flaggers,33-9091,16.1,45.0,22.6,6.6,8.0,1.3,0.4
"Lifeguards, ski patrol, and other recreational protective service workers(1)",33-9092,1.6,15.7,25.8,8.5,37.8,9.5,1.2
Transportation security screeners,33-9093,2.2,22.3,37.7,11.9,21.3,4.3,0.4
School bus monitors,33-9094,11.6,46.4,26.9,9.1,4.2,1.6,0.2
"Protective service workers, all other(1)",33-9099,1.6,15.7,25.8,8.5,37.8,9.5,1.2
Chefs and head cooks,35-1011,17.4,30.0,20.5,17.0,13.0,1.6,0.5
First-line supervisors of food preparation and serving workers,35-1012,10.6,37.4,27.3,10.0,12.6,1.7,0.3
"Cooks, fast food(1)",35-2011,27.0,42.6,18.0,6.0,5.4,0.8,0.2
"Cooks, institution and cafeteria(1)",35-2012,27.0,42.6,18.0,6.0,5.4,0.8,0.2
"Cooks, private household(1)",35-2013,27.0,42.6,18.0,6.0,5.4,0.8,0.2
"Cooks, restaurant(1)",35-2014,27.0,42.6,18.0,6.0,5.4,0.8,0.2
"Cooks, short order(1)",35-2015,27.0,42.6,18.0,6.0,5.4,0.8,0.2
"Cooks, all other(1)",35-2019,27.0,42.6,18.0,6.0,5.4,0.8,0.2
Food preparation workers,35-2021,23.7,41.7,19.8,6.2,7.1,1.2,0.2
Bartenders,35-3011,5.8,29.1,32.9,11.1,18.6,2.2,0.3
Fast food and counter workers,35-3023,13.4,36.5,26.0,8.2,13.2,2.1,0.5
Waiters and waitresses,35-3031,12.9,34.1,27.5,9.2,13.9,1.9,0.4
"Food servers, nonrestaurant",35-3041,12.3,42.5,24.9,7.8,10.4,1.9,0.1
Dining room and cafeteria attendants and bartender helpers,35-9011,22.8,41.9,19.7,7.0,7.6,0.8,0.3
Dishwashers,35-9021,34.5,44.8,12.0,3.7,4.2,0.6,0.2
"Hosts and hostesses, restaurant, lounge, and coffee shop",35-9031,11.6,33.1,24.9,9.7,16.5,3.4,0.8
"Food preparation and serving related workers, all other",35-9099,18.4,39.3,24.8,8.3,7.5,1.6,0.0
First-line supervisors of housekeeping and janitorial workers,37-1011,12.5,40.1,24.1,8.4,12.1,2.3,0.5
"First-line supervisors of landscaping, lawn service, and groundskeeping workers",37-1012,21.3,32.4,20.9,8.7,14.9,1.7,0.2
"Janitors and cleaners, except maids and housekeeping cleaners(1)",37-2011,23.5,45.2,18.1,6.4,5.4,1.0,0.3
Maids and housekeeping cleaners,37-2012,34.3,41.4,13.7,4.6,4.9,0.8,0.3
"Building cleaning workers, all other(1)",37-2019,23.5,45.2,18.1,6.4,5.4,1.0,0.3
Pest control workers,37-2021,5.4,47.3,26.2,8.7,11.1,1.1,0.2
Landscaping and groundskeeping workers,37-3011,35.2,35.9,15.5,5.0,6.9,1.2,0.3
"Pesticide handlers, sprayers, and applicators, vegetation(1)",37-3012,22.4,34.2,19.0,7.0,15.2,1.4,0.7
Tree trimmers and pruners,37-3013,28.9,39.0,14.7,6.1,8.7,1.9,0.6
"Grounds maintenance workers, all other(1)",37-3019,22.4,34.2,19.0,7.0,15.2,1.4,0.7
First-line supervisors of gambling services workers(1),39-1013,5.5,31.4,28.3,11.2,19.3,3.5,0.8
"First-line supervisors of entertainment and recreation workers, except gambling services(1)",39-1014,5.5,31.4,28.3,11.2,19.3,3.5,0.8
First-line supervisors of personal service workers(1),39-1022,5.5,31.4,28.3,11.2,19.3,3.5,0.8
Animal trainers,39-2011,7.0,24.4,25.5,8.0,29.1,4.5,1.6
Animal caretakers,39-2021,7.8,31.1,26.6,10.8,20.4,2.7,0.5
Gambling dealers(1),39-3011,9.0,34.5,27.5,10.1,16.2,2.2,0.7
Gambling and sports book writers and runners(1),39-3012,9.0,34.5,27.5,10.1,16.2,2.2,0.7
"Gambling service workers, all other(1)",39-3019,9.0,34.5,27.5,10.1,16.2,2.2,0.7
Motion picture projectionists(1),39-3021,6.0,26.9,27.6,9.4,23.8,5.2,1.1
"Ushers, lobby attendants, and ticket takers",39-3031,8.1,29.6,24.2,10.8,18.2,8.1,1.0
Amusement and recreation attendants(1),39-3091,6.0,26.9,27.6,9.4,23.8,5.2,1.1
Costume attendants(1),39-3092,6.0,26.9,27.6,9.4,23.8,5.2,1.1
"Locker room, coatroom, and dressing room attendants(1)",39-3093,6.0,26.9,27.6,9.4,23.8,5.2,1.1
"Entertainment attendants and related workers, all other(1)",39-3099,6.0,26.9,27.6,9.4,23.8,5.2,1.1
Embalmers(1),39-4011,5.6,22.9,30.8,17.0,17.2,4.7,1.9
Crematory operators(1),39-4012,5.6,22.9,30.8,17.0,17.2,4.7,1.9
Funeral attendants(1),39-4021,5.6,22.9,30.8,17.0,17.2,4.7,1.9
"Morticians, undertakers, and funeral arrangers",39-4031,2.3,7.8,18.1,40.2,24.4,4.2,3.1
Barbers,39-5011,10.2,48.1,26.1,8.8,5.7,0.9,0.2
"Hairdressers, hairstylists, and cosmetologists",39-5012,5.5,43.5,32.4,11.5,5.7,1.1,0.3
"Makeup artists, theatrical and performance(1)",39-5091,3.8,27.4,37.4,8.9,17.7,4.4,0.3
Manicurists and pedicurists,39-5092,27.7,39.9,17.6,6.8,6.5,1.0,0.5
Shampooers(1),39-5093,3.8,27.4,37.4,8.9,17.7,4.4,0.3
Skincare specialists,39-5094,2.8,24.2,35.1,15.6,18.8,2.9,0.6
Baggage porters and bellhops(1),39-6011,8.7,32.8,28.4,9.6,17.1,3.0,0.5
Concierges(1),39-6012,8.7,32.8,28.4,9.6,17.1,3.0,0.5
Tour and travel guides,39-7010,3.3,21.4,21.5,5.2,36.9,10.2,1.5
Childcare workers,39-9011,11.8,31.3,24.1,11.1,17.3,3.7,0.7
Exercise trainers and group fitness instructors,39-9031,1.7,10.7,18.9,9.2,44.3,13.6,1.8
Recreation workers,39-9032,4.2,22.6,25.0,11.2,28.6,7.3,1.0
Residential advisors,39-9041,4.1,21.5,24.1,10.1,29.7,9.4,1.1
"Personal care and service workers, all other",39-9099,9.6,25.6,26.9,8.8,22.2,5.3,1.7
First-line supervisors of retail sales workers,41-1011,5.7,28.9,27.9,10.3,22.0,4.4,0.9
First-line supervisors of non-retail sales workers,41-1012,5.2,21.7,22.3,9.7,31.0,8.7,1.4
Cashiers(1),41-2011,14.0,41.8,24.1,7.7,10.0,1.9,0.4
Gambling change persons and booth cashiers(1),41-2012,14.0,41.8,24.1,7.7,10.0,1.9,0.4
Counter and rental clerks,41-2021,8.1,33.1,27.0,9.8,18.2,3.3,0.4
Parts salespersons,41-2022,9.2,46.2,27.5,9.2,6.9,0.9,0.2
Retail salespersons,41-2031,6.4,29.6,27.3,10.2,21.8,3.9,0.8
Advertising sales agents,41-3011,2.2,10.0,18.1,7.3,53.1,8.4,0.9
Insurance sales agents,41-3021,1.4,15.7,24.8,10.7,38.8,7.0,1.6
"Securities, commodities, and financial services sales agents",41-3031,1.1,6.9,13.8,5.7,50.9,18.1,3.5
Travel agents,41-3041,3.0,18.9,25.5,12.1,31.5,7.7,1.3
"Sales representatives of services, except advertising, insurance, financial services, and travel",41-3091,1.9,14.5,21.0,7.8,44.3,9.4,1.0
"Sales representatives, wholesale and manufacturing, technical and scientific products(1)",41-4011,3.0,17.0,21.9,9.1,40.8,7.2,0.9
"Sales representatives, wholesale and manufacturing, except technical and scientific products(1)",41-4012,3.0,17.0,21.9,9.1,40.8,7.2,0.9
Demonstrators and product promoters(1),41-9011,8.7,27.0,26.2,11.8,19.4,5.3,1.4
Models(1),41-9012,8.7,27.0,26.2,11.8,19.4,5.3,1.4
Real estate brokers(1),41-9021,1.4,12.0,24.5,9.7,39.6,10.6,2.2
Real estate sales agents(1),41-9022,1.4,12.0,24.5,9.7,39.6,10.6,2.2
Sales engineers,41-9031,0.6,4.2,9.9,7.2,58.4,18.3,1.3
Telemarketers,41-9041,6.7,37.0,24.9,11.7,18.0,1.0,0.6
"Door-to-door sales workers, news and street vendors, and related workers",41-9091,13.6,29.5,21.5,9.6,20.1,4.7,1.0
"Sales and related workers, all other",41-9099,3.9,20.7,21.3,8.4,35.8,8.7,1.1
First-line supervisors of office and administrative support workers,43-1011,2.5,21.2,27.7,12.8,27.1,7.5,1.2
"Switchboard operators, including answering service",43-2011,3.0,30.3,36.9,12.5,13.9,3.0,0.5
Telephone operators,43-2021,3.2,38.6,30.8,8.7,15.9,2.5,0.3
"Communications equipment operators, all other",43-2099,0.0,7.7,33.7,12.5,42.1,3.4,0.7
Bill and account collectors,43-3011,3.1,30.0,34.5,14.3,15.2,2.3,0.6
Billing and posting clerks,43-3021,2.5,27.2,32.2,16.3,17.7,3.4,0.7
"Bookkeeping, accounting, and auditing clerks",43-3031,3.5,26.6,35.8,13.2,17.1,3.3,0.5
Gambling cage workers(1),43-3041,2.0,16.3,24.7,10.6,32.9,12.8,0.9
Payroll and timekeeping clerks,43-3051,2.6,23.0,31.1,16.9,21.7,4.2,0.6
Procurement clerks,43-3061,2.3,19.0,26.3,12.2,30.6,8.6,1.0
Tellers,43-3071,1.5,33.9,30.7,13.8,17.5,2.4,0.2
"Financial clerks, all other(1)",43-3099,2.0,16.3,24.7,10.6,32.9,12.8,0.9
Brokerage clerks(1),43-4011,2.1,19.2,28.0,14.2,26.4,8.7,1.5
Correspondence clerks(1),43-4021,6.7,31.0,28.7,10.4,19.6,3.1,0.6
"Court, municipal, and license clerks",43-4031,1.3,24.1,30.4,15.2,22.9,4.4,1.6
"Credit authorizers, checkers, and clerks",43-4041,0.9,24.8,33.1,12.7,22.5,5.3,0.7
Customer service representatives,43-4051,4.1,26.6,29.7,12.0,22.6,4.4,0.6
"Eligibility interviewers, government programs",43-4061,1.2,11.7,23.6,13.9,38.2,10.1,1.3
File clerks,43-4071,4.3,26.0,29.3,13.7,20.1,5.3,1.3
"Hotel, motel, and resort desk clerks",43-4081,6.8,31.7,29.4,11.1,16.5,3.6,0.8
"Interviewers, except eligibility and loan",43-4111,2.1,24.3,30.7,12.5,22.2,7.2,0.9
"Library assistants, clerical",43-4121,2.0,13.5,22.8,13.3,34.7,11.9,1.9
Loan interviewers and clerks,43-4131,2.2,24.0,30.6,12.7,26.2,3.7,0.5
New accounts clerks,43-4141,1.1,23.1,32.1,14.9,26.6,2.3,0.0
Order clerks(1),43-4151,6.7,31.0,28.7,10.4,19.6,3.1,0.6
"Human resources assistants, except payroll and timekeeping",43-4161,1.9,18.4,25.0,9.5,33.0,11.8,0.4
Receptionists and information clerks,43-4171,3.6,32.6,31.7,13.8,15.3,2.6,0.4
Reservation and transportation ticket agents and travel clerks,43-4181,3.2,26.0,30.1,11.7,24.0,4.2,0.9
"Information and record clerks, all other(1)",43-4199,2.1,19.2,28.0,14.2,26.4,8.7,1.5
Cargo and freight agents,43-5011,3.9,31.5,27.5,11.0,21.4,3.4,1.3
Couriers and messengers,43-5021,7.9,33.8,29.7,10.7,14.2,2.8,0.9
Public safety telecommunicators,43-5031,1.2,22.9,39.3,14.7,19.2,2.6,0.2
"Dispatchers, except police, fire, and ambulance",43-5032,7.5,31.8,32.2,11.2,14.4,2.5,0.4
"Meter readers, utilities",43-5041,4.2,51.9,31.7,7.1,4.9,0.3,0.0
Postal service clerks,43-5051,2.7,33.3,34.5,13.0,13.0,2.9,0.6
Postal service mail carriers,43-5052,2.3,34.1,34.3,12.7,14.1,2.1,0.4
"Postal service mail sorters, processors, and processing machine operators",43-5053,5.6,32.0,34.7,11.2,13.6,2.6,0.4
"Production, planning, and expediting clerks",43-5061,2.7,23.1,26.3,11.6,28.2,7.3,0.8
"Shipping, receiving, and inventory clerks",43-5071,11.3,43.2,25.9,8.4,9.8,1.2,0.2
"Weighers, measurers, checkers, and samplers, recordkeeping",43-5111,10.5,37.8,26.6,10.6,11.8,2.2,0.4
Executive secretaries and executive administrative assistants,43-6011,0.9,15.2,27.3,13.9,34.7,7.0,1.0
Legal secretaries and administrative assistants,43-6012,2.0,22.6,33.4,20.7,17.6,3.0,0.8
Medical secretaries and administrative assistants,43-6013,3.2,25.2,35.9,15.6,16.5,2.9,0.7
"Secretaries and administrative assistants, except legal, medical, and executive",43-6014,2.6,25.7,30.7,14.6,21.4,4.4,0.7
Data entry keyers,43-9021,3.4,27.0,31.2,14.2,20.0,3.7,0.6
Word processors and typists,43-9022,1.6,26.6,31.8,17.6,17.2,4.4,0.7
Desktop publishers(1),43-9031,2.1,18.1,26.1,12.5,29.5,10.2,1.3
Insurance claims and policy processing clerks,43-9041,2.0,24.8,32.8,13.3,21.8,4.2,1.2
"Mail clerks and mail machine operators, except postal service",43-9051,8.4,40.2,23.1,11.2,14.1,2.5,0.5
"Office clerks, general",43-9061,3.5,30.3,30.8,13.2,17.7,3.8,0.7
"Office machine operators, except computer",43-9071,10.0,35.4,28.7,9.4,14.0,2.4,0.1
Proofreaders and copy markers,43-9081,0.4,18.8,17.1,5.3,39.4,17.2,1.8
Statistical assistants,43-9111,1.0,15.4,26.3,10.1,33.6,12.5,1.1
"Office and administrative support workers, all other(1)",43-9199,2.1,18.1,26.1,12.5,29.5,10.2,1.3
"First-line supervisors of farming, fishing, and forestry workers",45-1011,35.2,30.5,16.7,5.3,9.8,1.9,0.5
Agricultural inspectors,45-2011,4.5,21.4,23.1,9.3,34.6,6.7,0.4
Animal breeders(1),45-2021,48.9,28.2,11.1,4.2,6.5,1.0,0.3
"Graders and sorters, agricultural products",45-2041,49.9,30.8,10.5,1.4,5.9,0.7,0.8
Agricultural equipment operators(1),45-2091,48.9,28.2,11.1,4.2,6.5,1.0,0.3
"Farmworkers and laborers, crop, nursery, and greenhouse(1)",45-2092,48.9,28.2,11.1,4.2,6.5,1.0,0.3
"Farmworkers, farm, ranch, and aquacultural animals(1)",45-2093,48.9,28.2,11.1,4.2,6.5,1.0,0.3
"Agricultural workers, all other(1)",45-2099,48.9,28.2,11.1,4.2,6.5,1.0,0.3
Fishing and hunting workers,45-3031,21.8,37.5,23.1,4.9,10.5,2.0,0.2
Forest and conservation workers,45-4011,27.7,28.7,16.9,4.8,14.0,6.6,1.2
Fallers(1),45-4021,26.5,49.0,13.6,5.2,5.0,0.5,0.3
Logging equipment operators(1),45-4022,26.5,49.0,13.6,5.2,5.0,0.5,0.3
Log graders and scalers(1),45-4023,26.5,49.0,13.6,5.2,5.0,0.5,0.3
"Logging workers, all other(1)",45-4029,26.5,49.0,13.6,5.2,5.0,0.5,0.3
First-line supervisors of construction trades and extraction workers,47-1011,16.9,44.0,21.9,7.1,8.3,1.4,0.3
Boilermakers,47-2011,6.9,54.9,29.1,5.8,2.9,0.3,0.0
Brickmasons and blockmasons(1),47-2021,34.0,44.7,14.4,3.4,3.3,0.2,0.1
Stonemasons(1),47-2022,34.0,44.7,14.4,3.4,3.3,0.2,0.1
Carpenters,47-2031,24.9,42.5,19.4,5.6,6.4,0.9,0.3
Carpet installers(1),47-2041,31.7,42.3,15.6,4.5,5.2,0.6,0.2
"Floor layers, except carpet, wood, and hard tiles(1)",47-2042,31.7,42.3,15.6,4.5,5.2,0.6,0.2
Floor sanders and finishers(1),47-2043,31.7,42.3,15.6,4.5,5.2,0.6,0.2
Tile and stone setters(1),47-2044,31.7,42.3,15.6,4.5,5.2,0.6,0.2
Cement masons and concrete finishers(1),47-2051,41.2,41.6,11.9,3.1,1.9,0.4,0.0
Terrazzo workers and finishers(1),47-2053,41.2,41.6,11.9,3.1,1.9,0.4,0.0
Construction laborers,47-2061,33.5,39.7,15.6,4.5,5.4,1.0,0.3
"Paving, surfacing, and tamping equipment operators(1)",47-2071,20.4,52.7,17.7,6.0,2.6,0.5,0.1
Pile driver operators(1),47-2072,20.4,52.7,17.7,6.0,2.6,0.5,0.1
Operating engineers and other construction equipment operators(1),47-2073,20.4,52.7,17.7,6.0,2.6,0.5,0.1
Drywall and ceiling tile installers(1),47-2081,43.8,40.4,10.9,3.0,1.7,0.1,0.1
Tapers(1),47-2082,43.8,40.4,10.9,3.0,1.7,0.1,0.1
Electricians,47-2111,8.1,38.0,30.3,15.7,6.6,1.0,0.3
Glaziers,47-2121,17.9,45.6,25.4,6.0,4.0,1.1,0.0
"Insulation workers, floor, ceiling, and wall(1)",47-2131,32.8,43.6,13.7,3.9,5.6,0.5,0.0
"Insulation workers, mechanical(1)",47-2132,32.8,43.6,13.7,3.9,5.6,0.5,0.0
"Painters, construction and maintenance(1)",47-2141,33.5,39.3,15.3,4.6,5.8,1.2,0.2
Paperhangers(1),47-2142,33.5,39.3,15.3,4.6,5.8,1.2,0.2
Pipelayers,47-2151,26.8,45.5,19.1,4.0,3.1,0.9,0.5
"Plumbers, pipefitters, and steamfitters",47-2152,14.6,45.5,25.3,8.3,5.3,0.8,0.2
Plasterers and stucco masons,47-2161,52.2,31.2,11.0,1.8,3.1,0.6,0.0
Reinforcing iron and rebar workers(1),47-2171,34.0,44.7,14.4,3.4,3.3,0.2,0.1
Roofers,47-2181,44.6,39.3,10.1,2.5,3.1,0.3,0.2
Sheet metal workers,47-2211,12.8,48.5,23.8,8.6,5.8,0.5,0.1
Structural iron and steel workers,47-2221,15.1,46.6,25.4,6.6,5.6,0.4,0.3
Solar photovoltaic installers,47-2231,9.5,29.5,25.8,17.0,12.7,3.2,2.2
"Helpers--brickmasons, blockmasons, stonemasons, and tile and marble setters(1)",47-3011,28.8,45.4,12.8,4.7,5.6,1.6,1.1
Helpers--carpenters(1),47-3012,28.8,45.4,12.8,4.7,5.6,1.6,1.1
Helpers--electricians(1),47-3013,28.8,45.4,12.8,4.7,5.6,1.6,1.1
"Helpers--painters, paperhangers, plasterers, and stucco masons(1)",47-3014,28.8,45.4,12.8,4.7,5.6,1.6,1.1
"Helpers--pipelayers, plumbers, pipefitters, and steamfitters(1)",47-3015,28.8,45.4,12.8,4.7,5.6,1.6,1.1
Helpers--roofers(1),47-3016,28.8,45.4,12.8,4.7,5.6,1.6,1.1
"Helpers, construction trades, all other(1)",47-3019,28.8,45.4,12.8,4.7,5.6,1.6,1.1
Construction and building inspectors,47-4011,2.4,26.0,27.2,13.5,24.0,6.2,0.7
Elevator and escalator installers and repairers,47-4021,5.6,47.2,28.7,8.7,7.8,1.9,0.1
Fence erectors,47-4031,32.8,41.7,15.7,2.9,6.5,0.4,0.0
Hazardous materials removal workers,47-4041,13.4,40.4,25.7,8.3,10.0,1.8,0.4
Highway maintenance workers,47-4051,9.6,53.3,24.8,7.3,4.3,0.6,0.1
Rail-track laying and maintenance equipment operators,47-4061,7.8,45.6,35.5,6.0,4.6,0.4,0.0
Septic tank servicers and sewer pipe cleaners(1),47-4071,20.6,45.9,19.8,5.5,7.5,0.6,0.1
Miscellaneous construction and related workers(1),47-4090,20.6,45.9,19.8,5.5,7.5,0.6,0.1
"Derrick operators, oil and gas(1)",47-5011,20.9,44.2,23.0,4.5,6.2,0.9,0.3
"Rotary drill operators, oil and gas(1)",47-5012,20.9,44.2,23.0,4.5,6.2,0.9,0.3
"Service unit operators, oil and gas(1)",47-5013,20.9,44.2,23.0,4.5,6.2,0.9,0.3
"Excavating and loading machine and dragline operators, surface mining(1)",47-5022,17.7,52.5,20.1,4.7,4.7,0.2,0.1
"Earth drillers, except oil and gas(1)",47-5023,17.7,52.5,20.1,4.7,4.7,0.2,0.1
"Explosives workers, ordnance handling experts, and blasters",47-5032,10.6,46.5,25.1,6.5,8.5,2.7,0.0
Continuous mining machine operators(1),47-5041,10.6,51.7,24.0,6.9,6.0,0.6,0.3
"Roof bolters, mining(1)",47-5043,10.6,51.7,24.0,6.9,6.0,0.6,0.3
"Loading and moving machine operators, underground mining(1)",47-5044,10.6,51.7,24.0,6.9,6.0,0.6,0.3
"Underground mining machine operators, all other(1)",47-5049,10.6,51.7,24.0,6.9,6.0,0.6,0.3
"Rock splitters, quarry(1)",47-5051,17.5,53.8,16.7,6.2,5.0,0.7,0.1
"Roustabouts, oil and gas(1)",47-5071,20.9,44.2,23.0,4.5,6.2,0.9,0.3
Helpers--extraction workers(1),47-5081,17.5,53.8,16.7,6.2,5.0,0.7,0.1
"Extraction workers, all other(1)",47-5099,17.5,53.8,16.7,6.2,5.0,0.7,0.1
"First-line supervisors of mechanics, installers, and repairers",49-1011,6.0,37.0,28.7,13.8,11.8,2.7,0.1
"Computer, automated teller, and office machine repairers",49-2011,2.1,18.8,30.7,21.2,22.1,4.3,0.7
"Radio, cellular, and tower equipment installers and repairers(1)",49-2021,4.2,28.3,35.2,17.2,11.9,2.9,0.2
"Telecommunications equipment installers and repairers, except line installers(1)",49-2022,4.2,28.3,35.2,17.2,11.9,2.9,0.2
Avionics technicians,49-2091,3.1,22.3,36.2,28.2,8.4,1.8,0.0
"Electric motor, power tool, and related repairers",49-2092,3.9,41.2,28.1,18.3,8.1,0.1,0.2
"Electrical and electronics installers and repairers, transportation equipment(1)",49-2093,8.4,32.1,28.2,20.6,8.6,0.9,1.2
"Electrical and electronics repairers, commercial and industrial equipment(1)",49-2094,8.4,32.1,28.2,20.6,8.6,0.9,1.2
"Electrical and electronics repairers, powerhouse, substation, and relay(1)",49-2095,8.4,32.1,28.2,20.6,8.6,0.9,1.2
"Electronic equipment installers and repairers, motor vehicles(1)",49-2096,8.4,32.1,28.2,20.6,8.6,0.9,1.2
Audiovisual equipment installers and repairers,49-2097,8.0,33.8,32.1,16.0,7.9,1.9,0.2
Security and fire alarm systems installers,49-2098,7.4,35.9,34.0,10.4,10.8,1.3,0.2
Aircraft mechanics and service technicians,49-3011,3.7,28.2,33.8,23.6,8.9,1.6,0.3
Automotive body and related repairers,49-3021,24.1,47.6,18.4,6.9,2.3,0.7,0.0
Automotive glass installers and repairers,49-3022,14.9,49.7,25.6,6.4,3.0,0.3,0.0
Automotive service technicians and mechanics,49-3023,15.9,44.4,22.3,13.0,3.8,0.5,0.2
Bus and truck mechanics and diesel engine specialists,49-3031,12.9,47.2,22.8,13.5,3.2,0.4,0.1
Farm equipment mechanics and service technicians(1),49-3041,11.1,46.9,24.5,13.1,3.6,0.6,0.1
"Mobile heavy equipment mechanics, except engines(1)",49-3042,11.1,46.9,24.5,13.1,3.6,0.6,0.1
Rail car repairers(1),49-3043,11.1,46.9,24.5,13.1,3.6,0.6,0.1
Motorboat mechanics and service technicians(1),49-3051,11.6,44.4,27.6,11.0,4.7,0.5,0.2
Motorcycle mechanics(1),49-3052,11.6,44.4,27.6,11.0,4.7,0.5,0.2
Outdoor power equipment and other small engine mechanics(1),49-3053,11.6,44.4,27.6,11.0,4.7,0.5,0.2
Bicycle repairers(1),49-3091,21.4,45.4,17.0,8.5,6.9,0.7,0.2
Recreational vehicle service technicians(1),49-3092,21.4,45.4,17.0,8.5,6.9,0.7,0.2
Tire repairers and changers(1),49-3093,21.4,45.4,17.0,8.5,6.9,0.7,0.2
Mechanical door repairers(1),49-9011,5.8,40.0,32.5,13.3,7.9,0.5,0.1
"Control and valve installers and repairers, except mechanical door(1)",49-9012,5.8,40.0,32.5,13.3,7.9,0.5,0.1
"Heating, air conditioning, and refrigeration mechanics and installers",49-9021,10.0,39.3,29.7,14.9,5.1,0.8,0.2
Home appliance repairers,49-9031,12.7,36.6,26.9,11.4,9.5,2.0,1.0
Industrial machinery mechanics(1),49-9041,9.4,41.3,26.6,15.0,6.7,0.8,0.2
"Maintenance workers, machinery",49-9043,9.0,50.1,21.3,11.7,6.1,1.3,0.5
Millwrights,49-9044,8.2,42.7,30.9,12.6,4.5,0.9,0.2
"Refractory materials repairers, except brickmasons(1)",49-9045,9.4,41.3,26.6,15.0,6.7,0.8,0.2
Electrical power-line installers and repairers,49-9051,5.0,39.6,30.3,16.5,7.6,0.8,0.3
Telecommunications line installers and repairers,49-9052,5.0,35.9,34.3,13.5,9.2,1.8,0.2
Camera and photographic equipment repairers(1),49-9061,3.2,23.8,26.1,23.3,19.3,3.5,0.7
Medical equipment repairers(1),49-9062,3.2,23.8,26.1,23.3,19.3,3.5,0.7
Musical instrument repairers and tuners(1),49-9063,3.2,23.8,26.1,23.3,19.3,3.5,0.7
Watch and clock repairers(1),49-9064,3.2,23.8,26.1,23.3,19.3,3.5,0.7
"Precision instrument and equipment repairers, all other(1)",49-9069,3.2,23.8,26.1,23.3,19.3,3.5,0.7
"Maintenance and repair workers, general",49-9071,12.4,43.0,24.5,11.4,7.3,1.0,0.3
Wind turbine service technicians(1),49-9081,13.1,39.1,27.1,9.7,9.3,1.4,0.3
"Coin, vending, and amusement machine servicers and repairers",49-9091,8.3,42.1,27.7,11.7,8.4,1.2,0.5
Commercial divers(1),49-9092,13.1,39.1,27.1,9.7,9.3,1.4,0.3
Locksmiths and safe repairers,49-9094,5.4,47.8,28.1,9.0,8.7,1.0,0.0
Manufactured building and mobile home installers(1),49-9095,13.1,39.1,27.1,9.7,9.3,1.4,0.3
Riggers,49-9096,7.4,55.5,19.9,5.4,9.5,2.3,0.0
Signal and track switch repairers(1),49-9097,13.1,39.1,27.1,9.7,9.3,1.4,0.3
"Helpers--installation, maintenance, and repair workers",49-9098,29.3,42.6,18.6,3.1,5.9,0.5,0.0
"Installation, maintenance, and repair workers, all other(1)",49-9099,13.1,39.1,27.1,9.7,9.3,1.4,0.3
First-line supervisors of production and operating workers,51-1011,9.7,38.5,26.0,9.5,13.0,2.9,0.4
"Aircraft structure, surfaces, rigging, and systems assemblers(1)",51-2011,16.1,47.5,21.4,7.4,6.4,0.9,0.3
"Coil winders, tapers, and finishers(1)",51-2021,16.9,44.1,22.6,8.4,6.7,1.0,0.4
"Electrical, electronic, and electromechanical assemblers, except coil winders, tapers, and finishers(1)",51-2028,16.9,44.1,22.6,8.4,6.7,1.0,0.4
Engine and other machine assemblers,51-2031,11.2,42.0,33.9,5.8,6.2,0.8,0.0
Structural metal fabricators and fitters,51-2041,12.0,48.6,24.0,9.3,5.1,1.1,0.0
Fiberglass laminators and fabricators(1),51-2051,16.1,47.5,21.4,7.4,6.4,0.9,0.3
Timing device assemblers and adjusters(1),51-2061,16.1,47.5,21.4,7.4,6.4,0.9,0.3
Miscellaneous assemblers and fabricators(1),51-2090,16.1,47.5,21.4,7.4,6.4,0.9,0.3
Bakers,51-3011,19.6,37.6,20.4,8.8,11.4,1.4,0.7
Butchers and meat cutters(1),51-3021,28.5,43.0,18.9,4.6,4.5,0.6,0.1
"Meat, poultry, and fish cutters and trimmers(1)",51-3022,28.5,43.0,18.9,4.6,4.5,0.6,0.1
Slaughterers and meat packers(1),51-3023,28.5,43.0,18.9,4.6,4.5,0.6,0.1
"Food and tobacco roasting, baking, and drying machine operators and tenders",51-3091,13.2,46.3,20.7,3.6,14.5,1.7,0.0
Food batchmakers,51-3092,19.5,38.3,24.3,8.2,8.1,1.2,0.5
Food cooking machine operators and tenders,51-3093,23.8,43.8,14.3,6.5,9.6,0.9,1.2
"Food processing workers, all other",51-3099,25.3,44.6,19.6,5.8,3.8,0.7,0.2
"Extruding and drawing machine setters, operators, and tenders, metal and plastic(1)",51-4021,14.4,48.6,23.1,9.4,2.5,1.4,0.5
"Forging machine setters, operators, and tenders, metal and plastic(1)",51-4022,14.4,48.6,23.1,9.4,2.5,1.4,0.5
"Rolling machine setters, operators, and tenders, metal and plastic(1)",51-4023,14.4,48.6,23.1,9.4,2.5,1.4,0.5
"Cutting, punching, and press machine setters, operators, and tenders, metal and plastic",51-4031,18.5,53.1,18.8,5.9,3.4,0.1,0.2
"Drilling and boring machine tool setters, operators, and tenders, metal and plastic(1)",51-4032,15.4,46.6,28.8,5.4,2.0,1.9,0.0
"Grinding, lapping, polishing, and buffing machine tool setters, operators, and tenders, metal and plastic",51-4033,20.1,48.2,19.3,8.2,4.1,0.1,0.1
"Lathe and turning machine tool setters, operators, and tenders, metal and plastic(1)",51-4034,15.4,46.6,28.8,5.4,2.0,1.9,0.0
"Milling and planing machine setters, operators, and tenders, metal and plastic(1)",51-4035,15.4,46.6,28.8,5.4,2.0,1.9,0.0
Machinists,51-4041,8.8,45.1,28.3,12.8,4.3,0.6,0.1
Metal-refining furnace operators and tenders(1),51-4051,12.1,51.7,22.1,6.2,6.8,0.8,0.4
"Pourers and casters, metal(1)",51-4052,12.1,51.7,22.1,6.2,6.8,0.8,0.4
"Model makers, metal and plastic(1)",51-4061,12.6,41.3,25.8,12.7,6.2,1.2,0.2
"Patternmakers, metal and plastic(1)",51-4062,12.6,41.3,25.8,12.7,6.2,1.2,0.2
Foundry mold and coremakers(1),51-4071,12.6,41.3,25.8,12.7,6.2,1.2,0.2
"Molding, coremaking, and casting machine setters, operators, and tenders, metal and plastic(1)",51-4072,12.6,41.3,25.8,12.7,6.2,1.2,0.2
"Multiple machine tool setters, operators, and tenders, metal and plastic(1)",51-4081,17.6,48.5,21.3,6.8,4.8,1.0,0.2
Tool and die makers,51-4111,5.2,42.1,31.8,16.3,3.1,1.0,0.5
"Welders, cutters, solderers, and brazers(1)",51-4121,18.8,47.0,22.2,8.9,2.4,0.5,0.1
"Welding, soldering, and brazing machine setters, operators, and tenders(1)",51-4122,18.8,47.0,22.2,8.9,2.4,0.5,0.1
"Heat treating equipment setters, operators, and tenders, metal and plastic(1)",51-4191,17.6,48.5,21.3,6.8,4.8,1.0,0.2
"Layout workers, metal and plastic(1)",51-4192,17.6,48.5,21.3,6.8,4.8,1.0,0.2
"Plating machine setters, operators, and tenders, metal and plastic(1)",51-4193,17.6,48.5,21.3,6.8,4.8,1.0,0.2
"Tool grinders, filers, and sharpeners(1)",51-4194,17.6,48.5,21.3,6.8,4.8,1.0,0.2
"Metal workers and plastic workers, all other(1)",51-4199,17.6,48.5,21.3,6.8,4.8,1.0,0.2
Prepress technicians and workers,51-5111,6.2,36.2,23.3,11.6,18.4,3.2,0.9
Printing press operators,51-5112,11.8,45.9,23.4,9.4,8.5,0.5,0.4
Print binding and finishing workers,51-5113,16.7,48.4,21.4,5.3,7.2,1.0,0.0
Laundry and dry-cleaning workers,51-6011,33.3,44.5,12.5,3.5,5.3,0.8,0.0
"Pressers, textile, garment, and related materials",51-6021,37.9,38.8,14.9,3.6,3.7,1.1,0.0
Sewing machine operators,51-6031,37.2,35.2,14.2,5.8,6.2,1.1,0.3
Shoe and leather workers and repairers(1),51-6041,17.7,40.4,19.6,7.9,10.8,2.4,1.2
Shoe machine operators and tenders(1),51-6042,17.7,40.4,19.6,7.9,10.8,2.4,1.2
"Sewers, hand(1)",51-6051,24.3,29.3,18.3,8.4,16.5,2.8,0.4
"Tailors, dressmakers, and custom sewers(1)",51-6052,24.3,29.3,18.3,8.4,16.5,2.8,0.4
Textile bleaching and dyeing machine operators and tenders(1),51-6061,30.4,42.5,13.2,5.4,6.0,2.6,0.0
"Textile cutting machine setters, operators, and tenders(1)",51-6062,30.4,42.5,13.2,5.4,6.0,2.6,0.0
"Textile knitting and weaving machine setters, operators, and tenders(1)",51-6063,30.4,42.5,13.2,5.4,6.0,2.6,0.0
"Textile winding, twisting, and drawing out machine setters, operators, and tenders(1)",51-6064,30.4,42.5,13.2,5.4,6.0,2.6,0.0
"Extruding and forming machine setters, operators, and tenders, synthetic and glass fibers(1)",51-6091,15.7,40.4,20.3,7.0,12.6,3.8,0.1
Fabric and apparel patternmakers(1),51-6092,15.7,40.4,20.3,7.0,12.6,3.8,0.1
Upholsterers,51-6093,31.9,37.7,17.3,7.6,4.0,1.1,0.4
"Textile, apparel, and furnishings workers, all other(1)",51-6099,15.7,40.4,20.3,7.0,12.6,3.8,0.1
Cabinetmakers and bench carpenters,51-7011,16.7,44.6,22.0,7.2,7.2,1.4,0.8
Furniture finishers,51-7021,24.8,43.8,16.7,4.3,5.9,3.4,1.0
"Model makers, wood(1)",51-7031,12.6,36.3,24.0,9.0,14.8,2.8,0.3
"Patternmakers, wood(1)",51-7032,12.6,36.3,24.0,9.0,14.8,2.8,0.3
"Sawing machine setters, operators, and tenders, wood",51-7041,32.1,45.8,14.5,3.6,3.9,0.0,0.0
"Woodworking machine setters, operators, and tenders, except sawing",51-7042,25.8,47.5,19.2,5.2,1.5,0.2,0.6
"Woodworkers, all other(1)",51-7099,12.6,36.3,24.0,9.0,14.8,2.8,0.3
Nuclear power reactor operators(1),51-8011,2.1,24.2,31.5,20.3,18.4,3.0,0.5
Power distributors and dispatchers(1),51-8012,2.1,24.2,31.5,20.3,18.4,3.0,0.5
Power plant operators(1),51-8013,2.1,24.2,31.5,20.3,18.4,3.0,0.5
Stationary engineers and boiler operators,51-8021,6.0,36.1,25.4,11.3,14.7,5.0,1.4
Water and wastewater treatment plant and system operators,51-8031,3.5,36.5,32.7,13.2,11.8,2.0,0.3
Chemical plant and system operators(1),51-8091,8.9,36.4,28.2,13.0,11.4,1.7,0.4
Gas plant operators(1),51-8092,8.9,36.4,28.2,13.0,11.4,1.7,0.4
"Petroleum pump system operators, refinery operators, and gaugers(1)",51-8093,8.9,36.4,28.2,13.0,11.4,1.7,0.4
"Plant and system operators, all other(1)",51-8099,8.9,36.4,28.2,13.0,11.4,1.7,0.4
Chemical equipment operators and tenders(1),51-9011,5.7,31.7,25.3,9.8,22.5,4.2,0.8
"Separating, filtering, clarifying, precipitating, and still machine setters, operators, and tenders(1)",51-9012,5.7,31.7,25.3,9.8,22.5,4.2,0.8
"Crushing, grinding, and polishing machine setters, operators, and tenders(1)",51-9021,20.6,46.1,19.8,8.1,4.1,1.0,0.3
"Grinding and polishing workers, hand(1)",51-9022,20.6,46.1,19.8,8.1,4.1,1.0,0.3
"Mixing and blending machine setters, operators, and tenders(1)",51-9023,20.6,46.1,19.8,8.1,4.1,1.0,0.3
"Cutters and trimmers, hand(1)",51-9031,29.8,44.6,16.5,3.3,4.6,1.1,0.1
"Cutting and slicing machine setters, operators, and tenders(1)",51-9032,29.8,44.6,16.5,3.3,4.6,1.1,0.1
"Extruding, forming, pressing, and compacting machine setters, operators, and tenders",51-9041,18.1,56.2,17.0,5.8,2.4,0.4,0.1
"Furnace, kiln, oven, drier, and kettle operators and tenders",51-9051,10.0,47.0,26.1,5.8,10.5,0.7,0.0
"Inspectors, testers, sorters, samplers, and weighers",51-9061,9.0,35.8,26.3,11.8,13.5,2.9,0.6
Jewelers and precious stone and metal workers,51-9071,12.0,24.5,22.2,9.5,24.3,5.9,1.7
Dental laboratory technicians(1),51-9081,4.4,27.1,32.2,17.8,15.5,1.8,1.2
Medical appliance technicians(1),51-9082,4.4,27.1,32.2,17.8,15.5,1.8,1.2
Ophthalmic laboratory technicians(1),51-9083,4.4,27.1,32.2,17.8,15.5,1.8,1.2
Packaging and filling machine operators and tenders,51-9111,31.4,41.5,16.3,4.4,5.4,0.9,0.2
"Painting, coating, and decorating workers(1)",51-9123,22.3,47.0,19.9,6.5,3.9,0.3,0.0
"Coating, painting, and spraying machine setters, operators, and tenders(1)",51-9124,22.3,47.0,19.9,6.5,3.9,0.3,0.0
Semiconductor processing technicians(1),51-9141,18.0,46.8,20.1,6.7,6.8,1.2,0.3
Photographic process workers and processing machine operators,51-9151,4.2,11.7,19.2,7.8,42.8,13.5,0.8
Computer numerically controlled tool operators(1),51-9161,8.9,39.3,29.1,13.9,7.3,1.2,0.2
Computer numerically controlled tool programmers(1),51-9162,8.9,39.3,29.1,13.9,7.3,1.2,0.2
Adhesive bonding machine operators and tenders,51-9191,17.3,51.4,16.7,10.4,2.3,1.9,0.0
"Cleaning, washing, and metal pickling equipment operators and tenders(1)",51-9192,18.0,46.8,20.1,6.7,6.8,1.2,0.3
Cooling and freezing equipment operators and tenders(1),51-9193,18.0,46.8,20.1,6.7,6.8,1.2,0.3
Etchers and engravers,51-9194,9.2,25.2,28.4,12.0,21.2,4.1,0.0
"Molders, shapers, and casters, except metal and plastic",51-9195,22.2,31.9,18.5,5.8,15.7,4.5,1.4
"Paper goods machine setters, operators, and tenders",51-9196,16.5,42.0,22.3,11.5,6.4,1.1,0.2
Tire builders,51-9197,10.5,47.4,31.3,6.1,2.9,1.7,0.0
Helpers--production workers,51-9198,23.5,47.2,14.5,4.9,6.7,2.4,0.7
"Production workers, all other(1)",51-9199,18.0,46.8,20.1,6.7,6.8,1.2,0.3
Aircraft cargo handling supervisors(1),53-1041,7.5,37.5,27.8,10.0,14.3,2.4,0.3
"First-line supervisors of transportation and material moving workers, except aircraft cargo handling supervisors(1)",53-1047,7.5,37.5,27.8,10.0,14.3,2.4,0.3
"Airline pilots, copilots, and flight engineers(1)",53-2011,0.6,5.1,13.1,7.5,58.0,13.3,2.3
Commercial pilots(1),53-2012,0.6,5.1,13.1,7.5,58.0,13.3,2.3
Air traffic controllers(1),53-2021,0.8,9.3,28.6,17.4,36.6,5.7,1.6
Airfield operations specialists(1),53-2022,0.8,9.3,28.6,17.4,36.6,5.7,1.6
Flight attendants,53-2031,0.8,13.5,33.2,12.9,32.4,5.9,1.2
"Ambulance drivers and attendants, except emergency medical technicians",53-3011,2.4,34.8,38.1,7.7,12.9,3.7,0.5
Driver/sales workers(1),53-3031,15.2,47.4,22.8,6.8,6.4,1.1,0.3
Heavy and tractor-trailer truck drivers(1),53-3032,15.2,47.4,22.8,6.8,6.4,1.1,0.3
Light truck drivers(1),53-3033,15.2,47.4,22.8,6.8,6.4,1.1,0.3
"Bus drivers, school",53-3051,7.8,43.1,27.7,9.6,9.1,2.3,0.4
"Bus drivers, transit and intercity",53-3052,8.4,40.7,29.4,10.6,9.1,1.6,0.4
Shuttle drivers and chauffeurs,53-3053,13.3,38.2,24.5,7.6,12.2,3.1,1.1
Taxi drivers,53-3054,12.2,31.0,24.7,8.6,18.0,4.2,1.3
"Motor vehicle operators, all other",53-3099,12.1,38.3,26.5,9.1,10.5,2.8,0.7
Locomotive engineers(1),53-4011,1.7,40.8,35.1,10.6,9.6,1.9,0.3
"Rail yard engineers, dinkey operators, and hostlers(1)",53-4013,1.7,40.8,35.1,10.6,9.6,1.9,0.3
"Railroad brake, signal, and switch operators and locomotive firers(1)",53-4022,3.0,41.7,33.0,7.9,11.8,2.5,0.1
Railroad conductors and yardmasters,53-4031,1.8,37.8,34.6,10.8,13.8,0.9,0.2
Subway and streetcar operators(1),53-4041,3.0,41.7,33.0,7.9,11.8,2.5,0.1
"Rail transportation workers, all other(1)",53-4099,3.0,41.7,33.0,7.9,11.8,2.5,0.1
Sailors and marine oilers(1),53-5011,9.2,46.5,22.0,6.0,13.8,2.4,0.1
"Captains, mates, and pilots of water vessels(1)",53-5021,6.6,38.7,26.0,6.0,17.6,4.5,0.7
Motorboat operators(1),53-5022,6.6,38.7,26.0,6.0,17.6,4.5,0.7
Ship engineers(1),53-5031,9.2,46.5,22.0,6.0,13.8,2.4,0.1
Bridge and lock tenders(1),53-6011,4.5,35.0,23.5,11.0,16.2,7.8,2.0
Parking attendants,53-6021,15.4,42.2,22.8,7.4,9.8,1.6,0.9
Automotive and watercraft service attendants(1),53-6031,12.3,45.5,25.2,8.9,7.1,0.8,0.2
Aircraft service attendants(1),53-6032,12.3,45.5,25.2,8.9,7.1,0.8,0.2
Traffic technicians(1),53-6041,4.5,35.0,23.5,11.0,16.2,7.8,2.0
Transportation inspectors,53-6051,4.9,26.9,32.6,15.2,16.1,3.0,1.2
Passenger attendants,53-6061,11.3,44.2,26.2,8.9,7.0,2.0,0.4
"Transportation workers, all other(1)",53-6099,4.5,35.0,23.5,11.0,16.2,7.8,2.0
Conveyor operators and tenders(1),53-7011,13.5,56.7,20.8,5.7,2.4,0.7,0.1
Crane and tower operators,53-7021,12.4,53.2,22.8,7.0,4.1,0.4,0.1
Dredge operators(1),53-7031,13.5,56.7,20.8,5.7,2.4,0.7,0.1
Hoist and winch operators(1),53-7041,13.5,56.7,20.8,5.7,2.4,0.7,0.1
Industrial truck and tractor operators,53-7051,18.8,52.3,19.5,5.3,3.5,0.5,0.2
Cleaners of vehicles and equipment,53-7061,26.2,44.9,17.3,6.1,4.5,0.8,0.2
"Laborers and freight, stock, and material movers, hand",53-7062,16.4,47.1,21.4,6.7,6.9,1.2,0.3
Machine feeders and offbearers,53-7063,20.1,49.6,15.0,4.6,8.4,1.8,0.5
"Packers and packagers, hand",53-7064,28.6,41.3,16.2,5.9,6.5,1.1,0.4
Stockers and order fillers,53-7065,12.3,43.1,24.4,8.3,9.9,1.7,0.3
Gas compressor and gas pumping station operators(1),53-7071,16.1,41.2,22.3,8.3,10.6,1.4,0.0
"Pump operators, except wellhead pumpers(1)",53-7072,16.1,41.2,22.3,8.3,10.6,1.4,0.0
Wellhead pumpers(1),53-7073,16.1,41.2,22.3,8.3,10.6,1.4,0.0
Refuse and recyclable material collectors,53-7081,24.9,47.7,15.1,5.2,6.1,0.7,0.2
"Tank car, truck, and ship loaders(1)",53-7121,16.4,50.7,19.5,6.7,5.4,1.3,0.1
"Material moving workers, all other(1)",53-7199,16.4,50.7,19.5,6.7,5.4,1.3,0.1